review_id,token_count
unknown,443
unknown,425
unknown,425
unknown,421
unknown,420
unknown,415
unknown,428
unknown,421
unknown,424
unknown,415
unknown,415
unknown,429
unknown,447
unknown,423
unknown,409
unknown,395
unknown,457
unknown,416
unknown,393
unknown,394
unknown,394
unknown,395
unknown,383
unknown,402
unknown,394
unknown,395
unknown,365
unknown,393
unknown,381
unknown,418
unknown,395
unknown,392
unknown,379
unknown,365
unknown,409
unknown,391
unknown,392
unknown,390
unknown,383
unknown,375
unknown,390
unknown,389
unknown,394
unknown,389
unknown,363
unknown,363
unknown,363
unknown,363
unknown,363
unknown,363
unknown,463
unknown,392
unknown,363
unknown,377
unknown,377
unknown,374
unknown,363
unknown,377
unknown,391
unknown,448
unknown,363
unknown,374
unknown,397
unknown,395
unknown,403
unknown,363
unknown,394
unknown,385
unknown,382
unknown,363
unknown,389
unknown,395
unknown,363
unknown,458
unknown,403
unknown,446
unknown,402
unknown,365
unknown,442
unknown,365
unknown,365
unknown,365
unknown,365
unknown,385
unknown,382
unknown,380
unknown,365
unknown,365
unknown,365
unknown,380
unknown,472
unknown,398
unknown,375
unknown,383
unknown,418
unknown,361
unknown,374
unknown,390
unknown,394
unknown,410
unknown,406
unknown,372
unknown,361
unknown,392
unknown,370
unknown,405
unknown,439
unknown,363
unknown,379
unknown,380
unknown,403
unknown,411
unknown,363
unknown,363
unknown,399
unknown,407
unknown,400
unknown,415
unknown,423
unknown,363
unknown,411
unknown,385
unknown,398
unknown,380
unknown,392
unknown,400
unknown,363
unknown,398
unknown,391
unknown,431
unknown,379
unknown,398
unknown,415
unknown,381
unknown,363
unknown,508
unknown,525
unknown,491
unknown,478
unknown,487
unknown,495
unknown,483
unknown,484
unknown,478
unknown,478
unknown,478
unknown,479
unknown,489
unknown,446
unknown,365
unknown,435
unknown,384
unknown,365
unknown,429
unknown,395
unknown,414
unknown,374
unknown,404
unknown,455
unknown,390
unknown,382
unknown,405
unknown,398
unknown,365
unknown,365
unknown,382
unknown,376
unknown,385
unknown,382
unknown,369
unknown,387
unknown,365
unknown,365
unknown,365
unknown,382
unknown,365
unknown,365
unknown,386
unknown,365
unknown,383
unknown,384
unknown,381
unknown,402
unknown,369
unknown,394
unknown,365
unknown,408
unknown,365
unknown,386
unknown,385
unknown,365
unknown,382
unknown,365
unknown,365
unknown,365
unknown,398
unknown,381
unknown,363
unknown,376
unknown,403
unknown,373
unknown,363
unknown,393
unknown,375
unknown,363
unknown,363
unknown,363
unknown,383
unknown,375
unknown,368
unknown,387
unknown,374
unknown,373
unknown,374
unknown,378
unknown,373
unknown,378
unknown,381
unknown,376
unknown,371
unknown,376
unknown,430
unknown,370
unknown,388
unknown,384
unknown,368
unknown,383
unknown,427
unknown,369
unknown,386
unknown,374
unknown,370
unknown,375
unknown,384
unknown,365
unknown,365
unknown,370
unknown,368
unknown,400
unknown,397
unknown,365
unknown,368
unknown,368
unknown,365
unknown,365
unknown,365
unknown,365
unknown,411
unknown,365
unknown,365
unknown,413
unknown,365
unknown,365
unknown,408
unknown,406
unknown,434
unknown,365
unknown,369
unknown,365
unknown,365
unknown,365
unknown,365
unknown,382
unknown,378
unknown,365
unknown,365
unknown,365
unknown,387
unknown,365
unknown,372
unknown,365
unknown,371
unknown,417
unknown,413
unknown,365
unknown,372
unknown,376
unknown,365
unknown,381
unknown,365
unknown,365
unknown,365
unknown,405
unknown,397
unknown,393
unknown,365
unknown,380
unknown,405
unknown,365
unknown,365
unknown,365
unknown,453
unknown,445
unknown,400
unknown,363
unknown,391
unknown,371
unknown,372
unknown,363
unknown,363
unknown,407
unknown,374
unknown,363
unknown,407
unknown,396
unknown,381
unknown,386
unknown,375
unknown,370
unknown,373
unknown,371
unknown,399
unknown,383
unknown,374
unknown,374
unknown,372
unknown,376
unknown,378
unknown,365
unknown,365
unknown,375
unknown,369
unknown,365
unknown,378
unknown,378
unknown,365
unknown,409
unknown,365
unknown,375
unknown,365
unknown,376
unknown,380
unknown,365
unknown,398
unknown,365
unknown,384
unknown,371
unknown,371
unknown,365
unknown,365
unknown,365
unknown,365
unknown,365
unknown,365
unknown,365
unknown,388
unknown,365
unknown,365
unknown,365
unknown,365
unknown,365
unknown,365
unknown,365
unknown,393
unknown,392
unknown,450
unknown,374
unknown,410
unknown,404
unknown,426
unknown,423
unknown,424
unknown,416
unknown,414
unknown,365
unknown,426
unknown,421
unknown,374
unknown,428
unknown,365
unknown,365
unknown,365
unknown,394
unknown,381
unknown,381
unknown,365
unknown,378
unknown,429
unknown,380
unknown,421
unknown,383
unknown,380
unknown,378
unknown,383
unknown,488
unknown,462
unknown,462
unknown,453
unknown,479
unknown,457
unknown,453
unknown,455
unknown,464
unknown,467
unknown,466
unknown,457
unknown,455
unknown,371
unknown,413
unknown,365
unknown,365
unknown,377
unknown,365
unknown,414
unknown,422
unknown,396
unknown,387
unknown,402
unknown,365
unknown,365
unknown,418
unknown,385
unknown,365
unknown,456
unknown,390
unknown,374
unknown,409
unknown,397
unknown,390
unknown,369
unknown,365
unknown,407
unknown,407
unknown,378
unknown,365
unknown,399
unknown,403
unknown,365
unknown,402
unknown,365
unknown,403
unknown,407
unknown,381
unknown,400
unknown,414
unknown,398
unknown,400
unknown,380
unknown,389
unknown,367
unknown,380
unknown,399
unknown,365
unknown,365
unknown,365
unknown,379
unknown,418
unknown,378
unknown,394
unknown,381
unknown,365
unknown,365
unknown,386
unknown,365
unknown,399
unknown,418
unknown,365
unknown,398
unknown,379
unknown,375
unknown,375
unknown,369
unknown,365
unknown,388
unknown,365
unknown,378
unknown,365
unknown,365
unknown,365
unknown,365
unknown,383
unknown,365
unknown,408
unknown,363
unknown,363
unknown,363
unknown,363
unknown,363
unknown,397
unknown,363
unknown,407
unknown,428
unknown,399
unknown,363
unknown,374
unknown,363
unknown,384
unknown,363
unknown,387
unknown,433
unknown,411
unknown,419
unknown,412
unknown,383
unknown,361
unknown,397
unknown,394
unknown,361
unknown,375
unknown,371
unknown,398
unknown,373
unknown,396
unknown,369
unknown,365
unknown,365
unknown,365
unknown,365
unknown,365
unknown,401
unknown,433
unknown,365
unknown,365
unknown,365
unknown,365
unknown,433
unknown,433
unknown,365
unknown,385
unknown,365
